mass,region,Br_Hbb,Br_Zbb,CSEV,HLT_efficiency,JER,JES,L1_prefiring,PDF,PER,PES,QCD_scale,lumi_Run2,photon_ID,pile-up,tagger_SF_stat_2016,tagger_SF_stat_2017,tagger_SF_stat_2018,tagger_SF_sys_2016,tagger_SF_sys_2017,tagger_SF_sys_2018
700,SRH1_N,0.9874/1.0124,1.003,1.001,1.01,1.039,1.036,1.004,1.051,1.003,1.003,1.012,1.016,1.044,1.01,0.010212500910614118,0.008973628615138049,0.009196109856487214,0.034276389597144324,0.06352291105121294,0.05751650032782108
700,SRH2_N,0.9874/1.0124,1.003,1.001,1.01,1.037,1.036,1.004,1.051,1.003,1.003,1.012,1.016,1.044,1.01,0.0372134868693563,0.035763482727197406,0.03209460690912103,0.05390804407257061,0.10286960483804158,0.053327147709386125
700,SRZ1_N,0.9874/1.0124,1.003,1.001,1.01,1.032,1.032,1.004,,1.003,1.003,,1.016,1.044,1.01,0.010487468153962681,0.008968567100461336,0.009420333264477035,0.03459598567789025,0.06296488328857675,0.05591045238587069
700,SRZ2_N,0.9874/1.0124,1.003,1.001,1.01,1.032,1.032,1.004,,1.003,1.003,,1.016,1.044,1.01,0.03774690783348848,0.035493283681340596,0.03220268652746376,0.05381371636299153,0.09906822715786673,0.052515582745932515
700,SRZ1_W,0.9874/1.0124,1.003,1.001,1.01,1.012,1.034,1.004,,1.002,1.003,,1.016,1.044,1.01,0.010528989466940515,0.00896048689491436,0.009461626877202237,0.034653822238133826,0.06286568935953722,0.05558900341052552
700,SRZ2_W,0.9874/1.0124,1.003,1.001,1.01,1.01,1.032,1.004,,1.002,1.003,,1.016,1.044,1.01,0.037747382906570995,0.035444389836339504,0.032222244065464194,0.05379308989040154,0.09845505479923332,0.05238295571828771
700,SRZ1_VW,0.9874/1.0124,1.003,1.001,1.01,1.008,1.034,1.004,,1.001,1.003,,1.016,1.044,1.01,0.010579684235899084,0.008967077775992286,0.009495319781455888,0.034702896512935885,0.06277816165836413,0.055374076008356095
700,SRZ2_VW,0.9874/1.0124,1.003,1.001,1.01,1.008,1.032,1.004,,1.001,1.003,,1.016,1.044,1.01,0.03776791863113842,0.03538761455739788,0.03224495417704084,0.0537698786883509,0.0977274990729459,0.0522259892991471
750,SRH1_N,0.9874/1.0124,1.003,1.001,1.01,1.024,1.006,1.004,1.051,1.007,1.007,1.012,1.016,1.044,1.01,,,,,,
750,SRH2_N,0.9874/1.0124,1.003,1.001,1.01,1.018,1.006,1.004,1.051,1.008,1.007,1.012,1.016,1.044,1.01,,,,,,
750,SRZ1_N,0.9874/1.0124,1.003,1.001,1.01,1.016,1.006,1.004,,1.006,1.007,,1.016,1.044,1.01,,,,,,
750,SRZ2_N,0.9874/1.0124,1.003,1.001,1.01,1.014,1.006,1.004,,1.006,1.007,,1.016,1.044,1.01,,,,,,
750,SRZ1_W,0.9874/1.0124,1.003,1.001,1.01,1.004,1.006,1.004,,1.001,1.007,,1.016,1.044,1.01,,,,,,
750,SRZ2_W,0.9874/1.0124,1.003,1.001,1.01,1.003,1.006,1.004,,1.002,1.007,,1.016,1.044,1.01,,,,,,
750,SRZ1_VW,0.9874/1.0124,1.003,1.001,1.01,1.005,1.006,1.004,,1.001,1.007,,1.016,1.044,1.01,,,,,,
750,SRZ2_VW,0.9874/1.0124,1.003,1.001,1.01,1.002,1.006,1.004,,1.001,1.007,,1.016,1.044,1.01,,,,,,
800,SRH1_N,0.9874/1.0124,1.003,1.001,1.01,1.034,1.031,1.004,1.051,1.003,1.003,1.012,1.016,1.044,1.01,0.011011973035516652,0.008817406177683873,0.00999185028674917,0.035390844149310804,0.06161167119428514,0.051320233423885704
800,SRH2_N,0.9874/1.0124,1.003,1.001,1.01,1.033,1.031,1.004,1.051,1.003,1.003,1.012,1.016,1.044,1.01,0.037687157971543234,0.03496965827556853,0.032412136689772594,0.053590417122704605,0.0925519275203697,0.05110482792168308
800,SRZ1_N,0.9874/1.0124,1.003,1.001,1.01,1.032,1.029,1.004,,1.003,1.003,,1.016,1.044,1.01,0.011466631460822498,0.008821968446762161,0.010349462010693774,0.0359023697933857,0.060715360749884484,0.04880414548815103
800,SRZ2_N,0.9874/1.0124,1.003,1.001,1.01,1.03,1.029,1.004,,1.003,1.003,,1.016,1.044,1.01,0.03844593660511504,0.03450992396563642,0.03259603041374543,0.05342440999308778,0.08619976300977583,0.049746025476449095
800,SRZ1_W,0.9874/1.0124,1.003,1.001,1.01,1.01,1.031,1.004,,1.002,1.003,,1.016,1.044,1.01,0.01141676522767593,0.008826360141927852,0.010305268085945198,0.03583986300019713,0.06082364971417307,0.049132884880741176
800,SRZ2_W,0.9874/1.0124,1.003,1.001,1.01,1.008,1.029,1.004,,1.002,1.003,,1.016,1.044,1.01,0.038492968088110695,0.034548715052245126,0.03258051397910195,0.053442530358655746,0.08664936458627506,0.04984422479525557
800,SRZ1_VW,0.9874/1.0124,1.003,1.001,1.01,1.007,1.031,1.004,,1.001,1.003,,1.016,1.044,1.01,0.011393793839585241,0.008856282403171697,0.010256556877096675,0.035774550167734065,0.06093046660567246,0.04958531564501372
800,SRZ2_VW,0.9874/1.0124,1.003,1.001,1.01,1.007,1.029,1.004,,1.001,1.003,,1.016,1.044,1.01,0.038472353415505124,0.034567273355604194,0.03257309065775832,0.05344960258034789,0.08689799562262412,0.0498975924432669
850,SRH1_N,0.9874/1.0124,1.003,1.001,1.01,1.024,1.006,1.004,1.051,1.007,1.007,1.012,1.016,1.044,1.01,,,,,,
850,SRH2_N,0.9874/1.0124,1.003,1.001,1.01,1.018,1.006,1.004,1.051,1.008,1.007,1.012,1.016,1.044,1.01,,,,,,
850,SRZ1_N,0.9874/1.0124,1.003,1.001,1.01,1.016,1.006,1.004,,1.006,1.007,,1.016,1.044,1.01,,,,,,
850,SRZ2_N,0.9874/1.0124,1.003,1.001,1.01,1.014,1.006,1.004,,1.006,1.007,,1.016,1.044,1.01,,,,,,
850,SRZ1_W,0.9874/1.0124,1.003,1.001,1.01,1.004,1.006,1.004,,1.001,1.007,,1.016,1.044,1.01,,,,,,
850,SRZ2_W,0.9874/1.0124,1.003,1.001,1.01,1.003,1.006,1.004,,1.002,1.007,,1.016,1.044,1.01,,,,,,
850,SRZ1_VW,0.9874/1.0124,1.003,1.001,1.01,1.005,1.006,1.004,,1.001,1.007,,1.016,1.044,1.01,,,,,,
850,SRZ2_VW,0.9874/1.0124,1.003,1.001,1.01,1.002,1.006,1.004,,1.001,1.007,,1.016,1.044,1.01,,,,,,
900,SRH1_N,0.9874/1.0124,1.003,1.001,1.01,1.034,1.026,1.004,1.051,1.004,1.004,1.012,1.016,1.044,1.01,0.012655379984951092,0.008519165860475115,0.011604321186713963,0.03765176824680211,0.05772961410297753,0.03883007631946683
900,SRH2_N,0.9874/1.0124,1.003,1.001,1.01,1.029,1.026,1.004,1.051,1.003,1.004,1.012,1.016,1.044,1.01,0.03886153054221001,0.03328866392129948,0.03308453443148021,0.05292415923129719,0.07057006405856783,0.04637348432852894
900,SRZ1_N,0.9874/1.0124,1.003,1.001,1.01,1.03,1.026,1.004,,1.003,1.004,,1.016,1.044,1.01,0.013050278225009178,0.008649125780301104,0.011786882467587493,0.03793113577945373,0.05720823094088072,0.03800403920571703
900,SRZ2_N,0.9874/1.0124,1.003,1.001,1.01,1.031,1.026,1.004,,1.003,1.004,,1.016,1.044,1.01,0.03971436553612337,0.03314058222048388,0.033143767111806444,0.05289322232776442,0.068050790635302,0.045845672459071354
900,SRZ1_W,0.9874/1.0124,1.003,1.001,1.01,1.007,1.028,1.004,,1.002,1.004,,1.016,1.044,1.01,0.012782667395287536,0.008702047638946928,0.01151988170625864,0.03755726638593333,0.05784927191487993,0.04008492719148799
900,SRZ2_W,0.9874/1.0124,1.003,1.001,1.01,1.008,1.026,1.004,,1.002,1.004,,1.016,1.044,1.01,0.03972380398992834,0.033342953063464395,0.03306281877461424,0.05297901736716379,0.07057983084769837,0.046392924010588164
900,SRZ1_VW,0.9874/1.0124,1.003,1.001,1.01,1.005,1.029,1.004,,1.001,1.004,,1.016,1.044,1.01,0.012633531108091085,0.008744008750704364,0.011358414266299844,0.0373325930591004,0.05823195995889821,0.04137909774934535
900,SRZ2_VW,0.9874/1.0124,1.003,1.001,1.01,1.005,1.027,1.004,,1.002,1.004,,1.016,1.044,1.01,0.03973977491078781,0.03352744990392533,0.03298902003842987,0.05305750754872358,0.07287976942080703,0.04689074938237717
950,SRH1_N,0.9874/1.0124,1.003,1.001,1.01,1.024,1.006,1.004,1.051,1.007,1.007,1.012,1.016,1.044,1.01,,,,,,
950,SRH2_N,0.9874/1.0124,1.003,1.001,1.01,1.018,1.006,1.004,1.051,1.008,1.007,1.012,1.016,1.044,1.01,,,,,,
950,SRZ1_N,0.9874/1.0124,1.003,1.001,1.01,1.016,1.006,1.004,,1.006,1.007,,1.016,1.044,1.01,,,,,,
950,SRZ2_N,0.9874/1.0124,1.003,1.001,1.01,1.014,1.006,1.004,,1.006,1.007,,1.016,1.044,1.01,,,,,,
950,SRZ1_W,0.9874/1.0124,1.003,1.001,1.01,1.004,1.006,1.004,,1.001,1.007,,1.016,1.044,1.01,,,,,,
950,SRZ2_W,0.9874/1.0124,1.003,1.001,1.01,1.003,1.006,1.004,,1.002,1.007,,1.016,1.044,1.01,,,,,,
950,SRZ1_VW,0.9874/1.0124,1.003,1.001,1.01,1.005,1.006,1.004,,1.001,1.007,,1.016,1.044,1.01,,,,,,
950,SRZ2_VW,0.9874/1.0124,1.003,1.001,1.01,1.002,1.006,1.004,,1.001,1.007,,1.016,1.044,1.01,,,,,,
1000,SRH1_N,0.9874/1.0124,1.003,1.001,1.01,1.03,1.025,1.004,1.051,1.004,1.005,1.012,1.016,1.044,1.01,0.01392264449959633,0.00838465448673863,0.012750710163561881,0.039270250874622485,0.054930897347725986,0.030228627814490327
1000,SRH2_N,0.9874/1.0124,1.003,1.001,1.01,1.026,1.025,1.004,1.051,1.004,1.005,1.012,1.016,1.044,1.01,0.03987762616417587,0.03223059706880369,0.03350776117247852,0.05251505306476066,0.056518662912425084,0.043354414843693595
1000,SRZ1_N,0.9874/1.0124,1.003,1.001,1.01,1.028,1.024,1.004,,1.004,1.005,,1.016,1.044,1.01,0.014572179334916864,0.00875899643705463,0.012887796912114014,0.03951956650831354,0.054401009501187654,0.030602404988123517
1000,SRZ2_N,0.9874/1.0124,1.003,1.001,1.01,1.025,1.024,1.004,,1.004,1.005,,1.016,1.044,1.01,0.04154106180008296,0.0323184363334716,0.03347262546661137,0.052613749481542925,0.056325798423890495,0.04334612194110328
1000,SRZ1_W,0.9874/1.0124,1.003,1.001,1.01,1.008,1.026,1.004,,1.002,1.005,,1.016,1.044,1.01,0.014320602848625371,0.008835011593242795,0.012610102683007617,0.03913371977475986,0.05505723749585956,0.032841967538920165
1000,SRZ2_W,0.9874/1.0124,1.003,1.001,1.01,1.006,1.024,1.004,,1.002,1.004,,1.016,1.044,1.01,0.04155686559042264,0.03256267005260294,0.03337493197895882,0.0527174557107443,0.05937456920007256,0.044005925388475725
1000,SRZ1_VW,0.9874/1.0124,1.003,1.001,1.01,1.005,1.027,1.004,,1.002,1.004,,1.016,1.044,1.01,0.01405638480217112,0.008887087558920155,0.012346664762176832,0.03876481931152693,0.05568979431509785,0.034894586487644624
1000,SRZ2_VW,0.9874/1.0124,1.003,1.001,1.01,1.005,1.025,1.004,,1.002,1.004,,1.016,1.044,1.01,0.04153911149250776,0.03277173410786191,0.03329130635685524,0.05280506964156051,0.06200864743547429,0.04457535150835039
1050,SRH1_N,0.9874/1.0124,1.003,1.001,1.01,1.024,1.006,1.004,1.051,1.007,1.007,1.012,1.016,1.044,1.01,,,,,,
1050,SRH2_N,0.9874/1.0124,1.003,1.001,1.01,1.018,1.006,1.004,1.051,1.008,1.007,1.012,1.016,1.044,1.01,,,,,,
1050,SRZ1_N,0.9874/1.0124,1.003,1.001,1.01,1.016,1.006,1.004,,1.006,1.007,,1.016,1.044,1.01,,,,,,
1050,SRZ2_N,0.9874/1.0124,1.003,1.001,1.01,1.014,1.006,1.004,,1.006,1.007,,1.016,1.044,1.01,,,,,,
1050,SRZ1_W,0.9874/1.0124,1.003,1.001,1.01,1.004,1.006,1.004,,1.001,1.007,,1.016,1.044,1.01,,,,,,
1050,SRZ2_W,0.9874/1.0124,1.003,1.001,1.01,1.003,1.006,1.004,,1.002,1.007,,1.016,1.044,1.01,,,,,,
1050,SRZ1_VW,0.9874/1.0124,1.003,1.001,1.01,1.005,1.006,1.004,,1.001,1.007,,1.016,1.044,1.01,,,,,,
1050,SRZ2_VW,0.9874/1.0124,1.003,1.001,1.01,1.002,1.006,1.004,,1.001,1.007,,1.016,1.044,1.01,,,,,,
1100,SRH1_N,0.9874/1.0124,1.003,1.001,1.01,1.024,1.006,1.004,1.051,1.007,1.007,1.012,1.016,1.044,1.01,,,,,,
1100,SRH2_N,0.9874/1.0124,1.003,1.001,1.01,1.018,1.006,1.004,1.051,1.008,1.007,1.012,1.016,1.044,1.01,,,,,,
1100,SRZ1_N,0.9874/1.0124,1.003,1.001,1.01,1.016,1.006,1.004,,1.006,1.007,,1.016,1.044,1.01,,,,,,
1100,SRZ2_N,0.9874/1.0124,1.003,1.001,1.01,1.014,1.006,1.004,,1.006,1.007,,1.016,1.044,1.01,,,,,,
1100,SRZ1_W,0.9874/1.0124,1.003,1.001,1.01,1.004,1.006,1.004,,1.001,1.007,,1.016,1.044,1.01,,,,,,
1100,SRZ2_W,0.9874/1.0124,1.003,1.001,1.01,1.003,1.006,1.004,,1.002,1.007,,1.016,1.044,1.01,,,,,,
1100,SRZ1_VW,0.9874/1.0124,1.003,1.001,1.01,1.005,1.006,1.004,,1.001,1.007,,1.016,1.044,1.01,,,,,,
1100,SRZ2_VW,0.9874/1.0124,1.003,1.001,1.01,1.002,1.006,1.004,,1.001,1.007,,1.016,1.044,1.01,,,,,,
1150,SRH1_N,0.9874/1.0124,1.003,1.001,1.01,1.024,1.006,1.004,1.051,1.007,1.007,1.012,1.016,1.044,1.01,,,,,,
1150,SRH2_N,0.9874/1.0124,1.003,1.001,1.01,1.018,1.006,1.004,1.051,1.008,1.007,1.012,1.016,1.044,1.01,,,,,,
1150,SRZ1_N,0.9874/1.0124,1.003,1.001,1.01,1.016,1.006,1.004,,1.006,1.007,,1.016,1.044,1.01,,,,,,
1150,SRZ2_N,0.9874/1.0124,1.003,1.001,1.01,1.014,1.006,1.004,,1.006,1.007,,1.016,1.044,1.01,,,,,,
1150,SRZ1_W,0.9874/1.0124,1.003,1.001,1.01,1.004,1.006,1.004,,1.001,1.007,,1.016,1.044,1.01,,,,,,
1150,SRZ2_W,0.9874/1.0124,1.003,1.001,1.01,1.003,1.006,1.004,,1.002,1.007,,1.016,1.044,1.01,,,,,,
1150,SRZ1_VW,0.9874/1.0124,1.003,1.001,1.01,1.005,1.006,1.004,,1.001,1.007,,1.016,1.044,1.01,,,,,,
1150,SRZ2_VW,0.9874/1.0124,1.003,1.001,1.01,1.002,1.006,1.004,,1.001,1.007,,1.016,1.044,1.01,,,,,,
1200,SRH1_N,0.9874/1.0124,1.003,1.001,1.01,1.029,1.021,1.004,1.051,1.005,1.005,1.012,1.016,1.044,1.01,0.019722234687009198,0.010837727170742653,0.014878561812878617,0.04266047789993269,0.04838473188243213,0.023971000673098496
1200,SRH2_N,0.9874/1.0124,1.003,1.001,1.01,1.027,1.021,1.004,1.051,1.004,1.005,1.012,1.016,1.044,1.01,0.048321637426900585,0.03209649122807017,0.033561403508771924,0.05277117175655187,0.04827030539311241,0.04173987437730127
1200,SRZ1_N,0.9874/1.0124,1.003,1.001,1.01,1.023,1.02,1.004,,1.004,1.005,,1.016,1.044,1.01,0.021478448819891454,0.011901110690395053,0.015197147545121798,0.043267512305944715,0.047056575791997984,0.025534393537801337
1200,SRZ2_N,0.9874/1.0124,1.003,1.001,1.01,1.023,1.02,1.004,,1.004,1.005,,1.016,1.044,1.01,0.05289221149925241,0.03258896289248335,0.033364414843006666,0.05314838475828009,0.050887725975261665,0.042397897693806356
1200,SRZ1_W,0.9874/1.0124,1.003,1.001,1.01,1.006,1.022,1.004,,1.003,1.005,,1.016,1.044,1.01,0.020707327211578433,0.011591127234251597,0.0148977818085629,0.042795563617125804,0.04795998186146695,0.02654098174810112
1200,SRZ2_W,0.9874/1.0124,1.003,1.001,1.01,1.006,1.021,1.004,,1.002,1.005,,1.016,1.044,1.01,0.051841664806962735,0.032614037045302385,0.03335438518187904,0.053120062486052215,0.05201908056237446,0.04262151305512162
1200,SRZ1_VW,0.9874/1.0124,1.003,1.001,1.01,1.005,1.023,1.004,,1.002,1.005,,1.016,1.044,1.01,0.019673454997926172,0.011176192451265034,0.014495727913728742,0.042161924512650356,0.04917258399004562,0.02789780174201576
1200,SRZ2_VW,0.9874/1.0124,1.003,1.001,1.01,1.004,1.021,1.004,,1.002,1.005,,1.016,1.044,1.01,0.05098753054702675,0.03266802431230027,0.0333327902750799,0.053111222507675915,0.053360047622031455,0.042894416943417515
1250,SRH1_N,0.9874/1.0124,1.003,1.001,1.01,1.024,1.006,1.004,1.051,1.007,1.007,1.012,1.016,1.044,1.01,,,,,,
1250,SRH2_N,0.9874/1.0124,1.003,1.001,1.01,1.018,1.006,1.004,1.051,1.008,1.007,1.012,1.016,1.044,1.01,,,,,,
1250,SRZ1_N,0.9874/1.0124,1.003,1.001,1.01,1.016,1.006,1.004,,1.006,1.007,,1.016,1.044,1.01,,,,,,
1250,SRZ2_N,0.9874/1.0124,1.003,1.001,1.01,1.014,1.006,1.004,,1.006,1.007,,1.016,1.044,1.01,,,,,,
1250,SRZ1_W,0.9874/1.0124,1.003,1.001,1.01,1.004,1.006,1.004,,1.001,1.007,,1.016,1.044,1.01,,,,,,
1250,SRZ2_W,0.9874/1.0124,1.003,1.001,1.01,1.003,1.006,1.004,,1.002,1.007,,1.016,1.044,1.01,,,,,,
1250,SRZ1_VW,0.9874/1.0124,1.003,1.001,1.01,1.005,1.006,1.004,,1.001,1.007,,1.016,1.044,1.01,,,,,,
1250,SRZ2_VW,0.9874/1.0124,1.003,1.001,1.01,1.002,1.006,1.004,,1.001,1.007,,1.016,1.044,1.01,,,,,,
1300,SRH1_N,0.9874/1.0124,1.003,1.001,1.01,1.024,1.006,1.004,1.051,1.007,1.007,1.012,1.016,1.044,1.01,,,,,,
1300,SRH2_N,0.9874/1.0124,1.003,1.001,1.01,1.018,1.006,1.004,1.051,1.008,1.007,1.012,1.016,1.044,1.01,,,,,,
1300,SRZ1_N,0.9874/1.0124,1.003,1.001,1.01,1.016,1.006,1.004,,1.006,1.007,,1.016,1.044,1.01,,,,,,
1300,SRZ2_N,0.9874/1.0124,1.003,1.001,1.01,1.014,1.006,1.004,,1.006,1.007,,1.016,1.044,1.01,,,,,,
1300,SRZ1_W,0.9874/1.0124,1.003,1.001,1.01,1.004,1.006,1.004,,1.001,1.007,,1.016,1.044,1.01,,,,,,
1300,SRZ2_W,0.9874/1.0124,1.003,1.001,1.01,1.003,1.006,1.004,,1.002,1.007,,1.016,1.044,1.01,,,,,,
1300,SRZ1_VW,0.9874/1.0124,1.003,1.001,1.01,1.005,1.006,1.004,,1.001,1.007,,1.016,1.044,1.01,,,,,,
1300,SRZ2_VW,0.9874/1.0124,1.003,1.001,1.01,1.002,1.006,1.004,,1.001,1.007,,1.016,1.044,1.01,,,,,,
1350,SRH1_N,0.9874/1.0124,1.003,1.001,1.01,1.024,1.006,1.004,1.051,1.007,1.007,1.012,1.016,1.044,1.01,,,,,,
1350,SRH2_N,0.9874/1.0124,1.003,1.001,1.01,1.018,1.006,1.004,1.051,1.008,1.007,1.012,1.016,1.044,1.01,,,,,,
1350,SRZ1_N,0.9874/1.0124,1.003,1.001,1.01,1.016,1.006,1.004,,1.006,1.007,,1.016,1.044,1.01,,,,,,
1350,SRZ2_N,0.9874/1.0124,1.003,1.001,1.01,1.014,1.006,1.004,,1.006,1.007,,1.016,1.044,1.01,,,,,,
1350,SRZ1_W,0.9874/1.0124,1.003,1.001,1.01,1.004,1.006,1.004,,1.001,1.007,,1.016,1.044,1.01,,,,,,
1350,SRZ2_W,0.9874/1.0124,1.003,1.001,1.01,1.003,1.006,1.004,,1.002,1.007,,1.016,1.044,1.01,,,,,,
1350,SRZ1_VW,0.9874/1.0124,1.003,1.001,1.01,1.005,1.006,1.004,,1.001,1.007,,1.016,1.044,1.01,,,,,,
1350,SRZ2_VW,0.9874/1.0124,1.003,1.001,1.01,1.002,1.006,1.004,,1.001,1.007,,1.016,1.044,1.01,,,,,,
1400,SRH1_N,0.9874/1.0124,1.003,1.001,1.01,1.025,1.018,1.004,1.051,1.005,1.006,1.012,1.016,1.044,1.01,0.03384986000609874,0.01836140603775677,0.01848870346242342,0.04889263438028442,0.035597538325063065,0.025429129820087045
1400,SRH2_N,0.9874/1.0124,1.003,1.001,1.01,1.02,1.018,1.004,1.051,1.005,1.006,1.012,1.016,1.044,1.01,0.07164234938688466,0.034170872578638704,0.032731650968544516,0.05451075173271725,0.05613088679580593,0.04390883241514128
1400,SRZ1_N,0.9874/1.0124,1.003,1.001,1.01,1.022,1.017,1.004,,1.005,1.006,,1.016,1.044,1.01,0.03389291516564244,0.018451084269266085,0.018431871159143885,0.048824256551529284,0.035694779967507244,0.02615370488097761
1400,SRZ2_N,0.9874/1.0124,1.003,1.001,1.01,1.02,1.017,1.004,,1.005,1.006,,1.016,1.044,1.01,0.07318165460099593,0.034351466711302674,0.03265941331547893,0.054644013892957276,0.05719709586977445,0.04417039795790267
1400,SRZ1_W,0.9874/1.0124,1.003,1.001,1.01,1.005,1.02,1.004,,1.003,1.006,,1.016,1.044,1.01,0.03124374369786415,0.01706027133559446,0.017734576954807957,0.047629434411953435,0.03813342194518288,0.026096113300944173
1400,SRZ2_W,0.9874/1.0124,1.003,1.001,1.01,1.005,1.018,1.004,,1.003,1.006,,1.016,1.044,1.01,0.06987130600571974,0.034085010934783826,0.032765995626086473,0.054408904839342784,0.056432232378175295,0.043938428755677675
1400,SRZ1_VW,0.9874/1.0124,1.003,1.001,1.01,1.004,1.02,1.004,,1.002,1.006,,1.016,1.044,1.01,0.029187787056367435,0.016019311064718163,0.017154384133611693,0.04665187891440501,0.04010438413361169,0.02646586638830898
1400,SRZ2_VW,0.9874/1.0124,1.003,1.001,1.01,1.004,1.018,1.004,,1.002,1.006,,1.016,1.044,1.01,0.06678126642143983,0.033841565948502364,0.03286337362059906,0.05419167104571729,0.055784419337887546,0.04373620599054125
1450,SRH1_N,0.9874/1.0124,1.003,1.001,1.01,1.024,1.006,1.004,1.051,1.007,1.007,1.012,1.016,1.044,1.01,,,,,,
1450,SRH2_N,0.9874/1.0124,1.003,1.001,1.01,1.018,1.006,1.004,1.051,1.008,1.007,1.012,1.016,1.044,1.01,,,,,,
1450,SRZ1_N,0.9874/1.0124,1.003,1.001,1.01,1.016,1.006,1.004,,1.006,1.007,,1.016,1.044,1.01,,,,,,
1450,SRZ2_N,0.9874/1.0124,1.003,1.001,1.01,1.014,1.006,1.004,,1.006,1.007,,1.016,1.044,1.01,,,,,,
1450,SRZ1_W,0.9874/1.0124,1.003,1.001,1.01,1.004,1.006,1.004,,1.001,1.007,,1.016,1.044,1.01,,,,,,
1450,SRZ2_W,0.9874/1.0124,1.003,1.001,1.01,1.003,1.006,1.004,,1.002,1.007,,1.016,1.044,1.01,,,,,,
1450,SRZ1_VW,0.9874/1.0124,1.003,1.001,1.01,1.005,1.006,1.004,,1.001,1.007,,1.016,1.044,1.01,,,,,,
1450,SRZ2_VW,0.9874/1.0124,1.003,1.001,1.01,1.002,1.006,1.004,,1.001,1.007,,1.016,1.044,1.01,,,,,,
1500,SRH1_N,0.9874/1.0124,1.003,1.001,1.01,1.024,1.006,1.004,1.051,1.007,1.007,1.012,1.016,1.044,1.01,,,,,,
1500,SRH2_N,0.9874/1.0124,1.003,1.001,1.01,1.018,1.006,1.004,1.051,1.008,1.007,1.012,1.016,1.044,1.01,,,,,,
1500,SRZ1_N,0.9874/1.0124,1.003,1.001,1.01,1.016,1.006,1.004,,1.006,1.007,,1.016,1.044,1.01,,,,,,
1500,SRZ2_N,0.9874/1.0124,1.003,1.001,1.01,1.014,1.006,1.004,,1.006,1.007,,1.016,1.044,1.01,,,,,,
1500,SRZ1_W,0.9874/1.0124,1.003,1.001,1.01,1.004,1.006,1.004,,1.001,1.007,,1.016,1.044,1.01,,,,,,
1500,SRZ2_W,0.9874/1.0124,1.003,1.001,1.01,1.003,1.006,1.004,,1.002,1.007,,1.016,1.044,1.01,,,,,,
1500,SRZ1_VW,0.9874/1.0124,1.003,1.001,1.01,1.005,1.006,1.004,,1.001,1.007,,1.016,1.044,1.01,,,,,,
1500,SRZ2_VW,0.9874/1.0124,1.003,1.001,1.01,1.002,1.006,1.004,,1.001,1.007,,1.016,1.044,1.01,,,,,,
1550,SRH1_N,0.9874/1.0124,1.003,1.001,1.01,1.024,1.006,1.004,1.051,1.007,1.007,1.012,1.016,1.044,1.01,,,,,,
1550,SRH2_N,0.9874/1.0124,1.003,1.001,1.01,1.018,1.006,1.004,1.051,1.008,1.007,1.012,1.016,1.044,1.01,,,,,,
1550,SRZ1_N,0.9874/1.0124,1.003,1.001,1.01,1.016,1.006,1.004,,1.006,1.007,,1.016,1.044,1.01,,,,,,
1550,SRZ2_N,0.9874/1.0124,1.003,1.001,1.01,1.014,1.006,1.004,,1.006,1.007,,1.016,1.044,1.01,,,,,,
1550,SRZ1_W,0.9874/1.0124,1.003,1.001,1.01,1.004,1.006,1.004,,1.001,1.007,,1.016,1.044,1.01,,,,,,
1550,SRZ2_W,0.9874/1.0124,1.003,1.001,1.01,1.003,1.006,1.004,,1.002,1.007,,1.016,1.044,1.01,,,,,,
1550,SRZ1_VW,0.9874/1.0124,1.003,1.001,1.01,1.005,1.006,1.004,,1.001,1.007,,1.016,1.044,1.01,,,,,,
1550,SRZ2_VW,0.9874/1.0124,1.003,1.001,1.01,1.002,1.006,1.004,,1.001,1.007,,1.016,1.044,1.01,,,,,,
1600,SRH1_N,0.9874/1.0124,1.003,1.001,1.01,1.024,1.016,1.004,1.051,1.005,1.006,1.012,1.016,1.044,1.01,0.04171427362959621,0.022599904128129934,0.020447242273855176,0.052296046695240246,0.02858194225129709,0.026783470561696374
1600,SRH2_N,0.9874/1.0124,1.003,1.001,1.01,1.019,1.016,1.004,1.051,1.006,1.006,1.012,1.016,1.044,1.01,0.08335096685609673,0.03526846943056562,0.03229261222777375,0.05540783401350166,0.06078073153056944,0.045149929440482094
1600,SRZ1_N,0.9874/1.0124,1.003,1.001,1.01,1.018,1.015,1.004,,1.005,1.006,,1.016,1.044,1.01,0.041099488387500466,0.022305090360337145,0.02025702086937318,0.051982185579152705,0.029204902646398467,0.027071625749935588
1600,SRZ2_N,0.9874/1.0124,1.003,1.001,1.01,1.016,1.015,1.004,,1.005,1.006,,1.016,1.044,1.01,0.08342242714865362,0.03529693839911471,0.032281224640354114,0.055422500922168945,0.0610819623755072,0.045216525267428996
1600,SRZ1_W,0.9874/1.0124,1.003,1.001,1.01,1.005,1.017,1.004,,1.003,1.006,,1.016,1.044,1.01,0.03879395980216774,0.021065400399873722,0.01967994317583921,0.05098069030832368,0.031267441860465116,0.02670551404819531
1600,SRZ2_W,0.9874/1.0124,1.003,1.001,1.01,1.004,1.016,1.004,,1.003,1.006,,1.016,1.044,1.01,0.08086139320414998,0.03505774825712246,0.03237690069715102,0.05522665641982763,0.06007602788604051,0.04494746665202832
1600,SRZ1_VW,0.9874/1.0124,1.003,1.001,1.01,1.003,1.018,1.004,,1.002,1.006,,1.016,1.044,1.01,0.03621634735008709,0.01971398357800448,0.018999626772829063,0.04981575018661359,0.03364394127892511,0.02666919631749191
1600,SRZ2_VW,0.9874/1.0124,1.003,1.001,1.01,1.003,1.016,1.004,,1.003,1.006,,1.016,1.044,1.01,0.0777803405467743,0.03479553625941252,0.032481785496235,0.05500183162607693,0.0591860118038125,0.04469303303710739
1650,SRH1_N,0.9874/1.0124,1.003,1.001,1.01,1.024,1.006,1.004,1.051,1.007,1.007,1.012,1.016,1.044,1.01,,,,,,
1650,SRH2_N,0.9874/1.0124,1.003,1.001,1.01,1.018,1.006,1.004,1.051,1.008,1.007,1.012,1.016,1.044,1.01,,,,,,
1650,SRZ1_N,0.9874/1.0124,1.003,1.001,1.01,1.016,1.006,1.004,,1.006,1.007,,1.016,1.044,1.01,,,,,,
1650,SRZ2_N,0.9874/1.0124,1.003,1.001,1.01,1.014,1.006,1.004,,1.006,1.007,,1.016,1.044,1.01,,,,,,
1650,SRZ1_W,0.9874/1.0124,1.003,1.001,1.01,1.004,1.006,1.004,,1.001,1.007,,1.016,1.044,1.01,,,,,,
1650,SRZ2_W,0.9874/1.0124,1.003,1.001,1.01,1.003,1.006,1.004,,1.002,1.007,,1.016,1.044,1.01,,,,,,
1650,SRZ1_VW,0.9874/1.0124,1.003,1.001,1.01,1.005,1.006,1.004,,1.001,1.007,,1.016,1.044,1.01,,,,,,
1650,SRZ2_VW,0.9874/1.0124,1.003,1.001,1.01,1.002,1.006,1.004,,1.001,1.007,,1.016,1.044,1.01,,,,,,
1700,SRH1_N,0.9874/1.0124,1.003,1.001,1.01,1.024,1.006,1.004,1.051,1.007,1.007,1.012,1.016,1.044,1.01,,,,,,
1700,SRH2_N,0.9874/1.0124,1.003,1.001,1.01,1.018,1.006,1.004,1.051,1.008,1.007,1.012,1.016,1.044,1.01,,,,,,
1700,SRZ1_N,0.9874/1.0124,1.003,1.001,1.01,1.016,1.006,1.004,,1.006,1.007,,1.016,1.044,1.01,,,,,,
1700,SRZ2_N,0.9874/1.0124,1.003,1.001,1.01,1.014,1.006,1.004,,1.006,1.007,,1.016,1.044,1.01,,,,,,
1700,SRZ1_W,0.9874/1.0124,1.003,1.001,1.01,1.004,1.006,1.004,,1.001,1.007,,1.016,1.044,1.01,,,,,,
1700,SRZ2_W,0.9874/1.0124,1.003,1.001,1.01,1.003,1.006,1.004,,1.002,1.007,,1.016,1.044,1.01,,,,,,
1700,SRZ1_VW,0.9874/1.0124,1.003,1.001,1.01,1.005,1.006,1.004,,1.001,1.007,,1.016,1.044,1.01,,,,,,
1700,SRZ2_VW,0.9874/1.0124,1.003,1.001,1.01,1.002,1.006,1.004,,1.001,1.007,,1.016,1.044,1.01,,,,,,
1750,SRH1_N,0.9874/1.0124,1.003,1.001,1.01,1.024,1.006,1.004,1.051,1.007,1.007,1.012,1.016,1.044,1.01,,,,,,
1750,SRH2_N,0.9874/1.0124,1.003,1.001,1.01,1.018,1.006,1.004,1.051,1.008,1.007,1.012,1.016,1.044,1.01,,,,,,
1750,SRZ1_N,0.9874/1.0124,1.003,1.001,1.01,1.016,1.006,1.004,,1.006,1.007,,1.016,1.044,1.01,,,,,,
1750,SRZ2_N,0.9874/1.0124,1.003,1.001,1.01,1.014,1.006,1.004,,1.006,1.007,,1.016,1.044,1.01,,,,,,
1750,SRZ1_W,0.9874/1.0124,1.003,1.001,1.01,1.004,1.006,1.004,,1.001,1.007,,1.016,1.044,1.01,,,,,,
1750,SRZ2_W,0.9874/1.0124,1.003,1.001,1.01,1.003,1.006,1.004,,1.002,1.007,,1.016,1.044,1.01,,,,,,
1750,SRZ1_VW,0.9874/1.0124,1.003,1.001,1.01,1.005,1.006,1.004,,1.001,1.007,,1.016,1.044,1.01,,,,,,
1750,SRZ2_VW,0.9874/1.0124,1.003,1.001,1.01,1.002,1.006,1.004,,1.001,1.007,,1.016,1.044,1.01,,,,,,
1800,SRH1_N,0.9874/1.0124,1.003,1.001,1.01,1.021,1.014,1.004,1.051,1.006,1.006,1.012,1.016,1.044,1.01,0.04538903203138725,0.024588276629384554,0.02135439480002342,0.05387603208994554,0.025319874685249166,0.027501259003337827
1800,SRH2_N,0.9874/1.0124,1.003,1.001,1.01,1.018,1.014,1.004,1.051,1.006,1.006,1.012,1.016,1.044,1.01,0.0881446872645064,0.0357276837706378,0.03210892649174488,0.05577926971295472,0.06280776871959992,0.04568472973898746
1800,SRZ1_N,0.9874/1.0124,1.003,1.001,1.01,1.018,1.014,1.004,,1.005,1.006,,1.016,1.044,1.01,0.04444394359685622,0.02410298196948682,0.021094583140699643,0.053435544768069033,0.02621205116350747,0.027598050547079672
1800,SRZ2_N,0.9874/1.0124,1.003,1.001,1.01,1.017,1.014,1.004,,1.005,1.006,,1.016,1.044,1.01,0.0877252462764348,0.03569354133745755,0.03212258346501698,0.05574931916753522,0.06270608210335205,0.04565430521467236
1800,SRZ1_W,0.9874/1.0124,1.003,1.001,1.01,1.004,1.015,1.004,,1.004,1.006,,1.016,1.044,1.01,0.043161082802547775,0.023415668789808913,0.020770955414012738,0.05287503184713376,0.027364777070063694,0.027421146496815287
1800,SRZ2_W,0.9874/1.0124,1.003,1.001,1.01,1.004,1.014,1.004,,1.004,1.006,,1.016,1.044,1.01,0.08622188870930501,0.035557838836296464,0.03217686446548142,0.05563634264604017,0.06217455552990072,0.04550912029554375
1800,SRZ1_VW,0.9874/1.0124,1.003,1.001,1.01,1.003,1.016,1.004,,1.002,1.006,,1.016,1.044,1.01,0.04112184387306,0.022317350011582117,0.02026237356188711,0.051991583661493326,0.02918539108949116,0.02707775461354336
1800,SRZ2_VW,0.9874/1.0124,1.003,1.001,1.01,1.004,1.014,1.004,,1.003,1.006,,1.016,1.044,1.01,0.08381695827725437,0.03533378196500673,0.03226648721399731,0.05545266935845671,0.06123687752355317,0.04525796321220278
1850,SRH1_N,0.9874/1.0124,1.003,1.001,1.01,1.024,1.006,1.004,1.051,1.007,1.007,1.012,1.016,1.044,1.01,,,,,,
1850,SRH2_N,0.9874/1.0124,1.003,1.001,1.01,1.018,1.006,1.004,1.051,1.008,1.007,1.012,1.016,1.044,1.01,,,,,,
1850,SRZ1_N,0.9874/1.0124,1.003,1.001,1.01,1.016,1.006,1.004,,1.006,1.007,,1.016,1.044,1.01,,,,,,
1850,SRZ2_N,0.9874/1.0124,1.003,1.001,1.01,1.014,1.006,1.004,,1.006,1.007,,1.016,1.044,1.01,,,,,,
1850,SRZ1_W,0.9874/1.0124,1.003,1.001,1.01,1.004,1.006,1.004,,1.001,1.007,,1.016,1.044,1.01,,,,,,
1850,SRZ2_W,0.9874/1.0124,1.003,1.001,1.01,1.003,1.006,1.004,,1.002,1.007,,1.016,1.044,1.01,,,,,,
1850,SRZ1_VW,0.9874/1.0124,1.003,1.001,1.01,1.005,1.006,1.004,,1.001,1.007,,1.016,1.044,1.01,,,,,,
1850,SRZ2_VW,0.9874/1.0124,1.003,1.001,1.01,1.002,1.006,1.004,,1.001,1.007,,1.016,1.044,1.01,,,,,,
1900,SRH1_N,0.9874/1.0124,1.003,1.001,1.01,1.024,1.006,1.004,1.051,1.007,1.007,1.012,1.016,1.044,1.01,,,,,,
1900,SRH2_N,0.9874/1.0124,1.003,1.001,1.01,1.018,1.006,1.004,1.051,1.008,1.007,1.012,1.016,1.044,1.01,,,,,,
1900,SRZ1_N,0.9874/1.0124,1.003,1.001,1.01,1.016,1.006,1.004,,1.006,1.007,,1.016,1.044,1.01,,,,,,
1900,SRZ2_N,0.9874/1.0124,1.003,1.001,1.01,1.014,1.006,1.004,,1.006,1.007,,1.016,1.044,1.01,,,,,,
1900,SRZ1_W,0.9874/1.0124,1.003,1.001,1.01,1.004,1.006,1.004,,1.001,1.007,,1.016,1.044,1.01,,,,,,
1900,SRZ2_W,0.9874/1.0124,1.003,1.001,1.01,1.003,1.006,1.004,,1.002,1.007,,1.016,1.044,1.01,,,,,,
1900,SRZ1_VW,0.9874/1.0124,1.003,1.001,1.01,1.005,1.006,1.004,,1.001,1.007,,1.016,1.044,1.01,,,,,,
1900,SRZ2_VW,0.9874/1.0124,1.003,1.001,1.01,1.002,1.006,1.004,,1.001,1.007,,1.016,1.044,1.01,,,,,,
1950,SRH1_N,0.9874/1.0124,1.003,1.001,1.01,1.024,1.006,1.004,1.051,1.007,1.007,1.012,1.016,1.044,1.01,,,,,,
1950,SRH2_N,0.9874/1.0124,1.003,1.001,1.01,1.018,1.006,1.004,1.051,1.008,1.007,1.012,1.016,1.044,1.01,,,,,,
1950,SRZ1_N,0.9874/1.0124,1.003,1.001,1.01,1.016,1.006,1.004,,1.006,1.007,,1.016,1.044,1.01,,,,,,
1950,SRZ2_N,0.9874/1.0124,1.003,1.001,1.01,1.014,1.006,1.004,,1.006,1.007,,1.016,1.044,1.01,,,,,,
1950,SRZ1_W,0.9874/1.0124,1.003,1.001,1.01,1.004,1.006,1.004,,1.001,1.007,,1.016,1.044,1.01,,,,,,
1950,SRZ2_W,0.9874/1.0124,1.003,1.001,1.01,1.003,1.006,1.004,,1.002,1.007,,1.016,1.044,1.01,,,,,,
1950,SRZ1_VW,0.9874/1.0124,1.003,1.001,1.01,1.005,1.006,1.004,,1.001,1.007,,1.016,1.044,1.01,,,,,,
1950,SRZ2_VW,0.9874/1.0124,1.003,1.001,1.01,1.002,1.006,1.004,,1.001,1.007,,1.016,1.044,1.01,,,,,,
2000,SRH1_N,0.9874/1.0124,1.003,1.001,1.01,1.02,1.012,1.004,1.051,1.006,1.007,1.012,1.016,1.044,1.01,0.046913721877136154,0.025413023449341696,0.02173103099830594,0.0545319047760573,0.023965910779564302,0.027796415727999527
2000,SRH2_N,0.9874/1.0124,1.003,1.001,1.01,1.016,1.012,1.004,1.051,1.006,1.006,1.012,1.016,1.044,1.01,0.08990290756456999,0.03589552375991911,0.032041790496032355,0.05591525475657956,0.06354385857409849,0.0458792855173259
2000,SRZ1_N,0.9874/1.0124,1.003,1.001,1.01,1.016,1.012,1.004,,1.006,1.007,,1.016,1.044,1.01,0.04615396768969467,0.025016629142473434,0.021528538136430065,0.05418600150096772,0.024670340087688116,0.027806612157838605
2000,SRZ2_N,0.9874/1.0124,1.003,1.001,1.01,1.017,1.012,1.004,,1.006,1.007,,1.016,1.044,1.01,0.08954660185380876,0.03586805953926512,0.03205277618429395,0.05589046224449745,0.06347676700582712,0.045857612994776725
2000,SRZ1_W,0.9874/1.0124,1.003,1.001,1.01,1.003,1.014,1.004,,1.004,1.007,,1.016,1.044,1.01,0.04529755626531976,0.02455611676446557,0.021314194458887322,0.05381400876476269,0.025436455470548913,0.027670430067592663
2000,SRZ2_W,0.9874/1.0124,1.003,1.001,1.01,1.003,1.012,1.004,,1.004,1.007,,1.016,1.044,1.01,0.08849853211009175,0.03577094801223241,0.03209162079510703,0.05581064220183486,0.06307480122324159,0.04574960244648318
2000,SRZ1_VW,0.9874/1.0124,1.003,1.001,1.01,1.003,1.014,1.004,,1.003,1.007,,1.016,1.044,1.01,0.043872637005919424,0.02379568455222456,0.02095168989879702,0.053187511934313536,0.02672293297689517,0.02750620584303991
2000,SRZ2_VW,0.9874/1.0124,1.003,1.001,1.01,1.003,1.013,1.004,,1.003,1.007,,1.016,1.044,1.01,0.08750817236255573,0.03567558197127291,0.032129767211490835,0.055733696549446925,0.06264982664685488,0.04563777447581311
2050,SRH1_N,0.9874/1.0124,1.003,1.001,1.01,1.024,1.006,1.004,1.051,1.007,1.007,1.012,1.016,1.044,1.01,,,,,,
2050,SRH2_N,0.9874/1.0124,1.003,1.001,1.01,1.018,1.006,1.004,1.051,1.008,1.007,1.012,1.016,1.044,1.01,,,,,,
2050,SRZ1_N,0.9874/1.0124,1.003,1.001,1.01,1.016,1.006,1.004,,1.006,1.007,,1.016,1.044,1.01,,,,,,
2050,SRZ2_N,0.9874/1.0124,1.003,1.001,1.01,1.014,1.006,1.004,,1.006,1.007,,1.016,1.044,1.01,,,,,,
2050,SRZ1_W,0.9874/1.0124,1.003,1.001,1.01,1.004,1.006,1.004,,1.001,1.007,,1.016,1.044,1.01,,,,,,
2050,SRZ2_W,0.9874/1.0124,1.003,1.001,1.01,1.003,1.006,1.004,,1.002,1.007,,1.016,1.044,1.01,,,,,,
2050,SRZ1_VW,0.9874/1.0124,1.003,1.001,1.01,1.005,1.006,1.004,,1.001,1.007,,1.016,1.044,1.01,,,,,,
2050,SRZ2_VW,0.9874/1.0124,1.003,1.001,1.01,1.002,1.006,1.004,,1.001,1.007,,1.016,1.044,1.01,,,,,,
2100,SRH1_N,0.9874/1.0124,1.003,1.001,1.01,1.024,1.006,1.004,1.051,1.007,1.007,1.012,1.016,1.044,1.01,,,,,,
2100,SRH2_N,0.9874/1.0124,1.003,1.001,1.01,1.018,1.006,1.004,1.051,1.008,1.007,1.012,1.016,1.044,1.01,,,,,,
2100,SRZ1_N,0.9874/1.0124,1.003,1.001,1.01,1.016,1.006,1.004,,1.006,1.007,,1.016,1.044,1.01,,,,,,
2100,SRZ2_N,0.9874/1.0124,1.003,1.001,1.01,1.014,1.006,1.004,,1.006,1.007,,1.016,1.044,1.01,,,,,,
2100,SRZ1_W,0.9874/1.0124,1.003,1.001,1.01,1.004,1.006,1.004,,1.001,1.007,,1.016,1.044,1.01,,,,,,
2100,SRZ2_W,0.9874/1.0124,1.003,1.001,1.01,1.003,1.006,1.004,,1.002,1.007,,1.016,1.044,1.01,,,,,,
2100,SRZ1_VW,0.9874/1.0124,1.003,1.001,1.01,1.005,1.006,1.004,,1.001,1.007,,1.016,1.044,1.01,,,,,,
2100,SRZ2_VW,0.9874/1.0124,1.003,1.001,1.01,1.002,1.006,1.004,,1.001,1.007,,1.016,1.044,1.01,,,,,,
2150,SRH1_N,0.9874/1.0124,1.003,1.001,1.01,1.024,1.006,1.004,1.051,1.007,1.007,1.012,1.016,1.044,1.01,,,,,,
2150,SRH2_N,0.9874/1.0124,1.003,1.001,1.01,1.018,1.006,1.004,1.051,1.008,1.007,1.012,1.016,1.044,1.01,,,,,,
2150,SRZ1_N,0.9874/1.0124,1.003,1.001,1.01,1.016,1.006,1.004,,1.006,1.007,,1.016,1.044,1.01,,,,,,
2150,SRZ2_N,0.9874/1.0124,1.003,1.001,1.01,1.014,1.006,1.004,,1.006,1.007,,1.016,1.044,1.01,,,,,,
2150,SRZ1_W,0.9874/1.0124,1.003,1.001,1.01,1.004,1.006,1.004,,1.001,1.007,,1.016,1.044,1.01,,,,,,
2150,SRZ2_W,0.9874/1.0124,1.003,1.001,1.01,1.003,1.006,1.004,,1.002,1.007,,1.016,1.044,1.01,,,,,,
2150,SRZ1_VW,0.9874/1.0124,1.003,1.001,1.01,1.005,1.006,1.004,,1.001,1.007,,1.016,1.044,1.01,,,,,,
2150,SRZ2_VW,0.9874/1.0124,1.003,1.001,1.01,1.002,1.006,1.004,,1.001,1.007,,1.016,1.044,1.01,,,,,,
2200,SRH1_N,0.9874/1.0124,1.003,1.001,1.01,1.017,1.011,1.004,1.051,1.006,1.007,1.012,1.016,1.044,1.01,0.04746096050049068,0.02570872178606477,0.021866535819430814,0.05476772571148185,0.02347929955839058,0.027898920510304223
2200,SRH2_N,0.9874/1.0124,1.003,1.001,1.01,1.016,1.011,1.004,1.051,1.006,1.006,1.012,1.016,1.044,1.01,0.09060053489629272,0.035961589893874296,0.032015364042450284,0.055968987395794804,0.06382928841721912,0.045955045949867705
2200,SRZ1_N,0.9874/1.0124,1.003,1.001,1.01,1.015,1.011,1.004,,1.006,1.007,,1.016,1.044,1.01,0.04695906165663276,0.025450321777039653,0.02172925057089475,0.05453468964085531,0.023951712684243308,0.027942993564459208
2200,SRZ2_N,0.9874/1.0124,1.003,1.001,1.01,1.013,1.011,1.004,,1.006,1.007,,1.016,1.044,1.01,0.09028880825166433,0.035935569587702505,0.032025772164918996,0.05594645561301752,0.06374562130346581,0.04593068373382096
2200,SRZ1_W,0.9874/1.0124,1.003,1.001,1.01,1.003,1.012,1.004,,1.004,1.007,,1.016,1.044,1.01,0.04648131392604249,0.02519325334382376,0.021609854445318644,0.05432739968528718,0.024378737214791505,0.027865165224232886
2200,SRZ2_W,0.9874/1.0124,1.003,1.001,1.01,1.003,1.011,1.004,,1.004,1.007,,1.016,1.044,1.01,0.08984181961008356,0.03589288009712204,0.032042847961151186,0.05591187602656574,0.06355823752053132,0.045881168321074056
2200,SRZ1_VW,0.9874/1.0124,1.003,1.001,1.01,1.003,1.013,1.004,,1.003,1.007,,1.016,1.044,1.01,0.04563101265822785,0.024730000000000002,0.021403164556962027,0.05396594936708861,0.025127088607594935,0.027664936708860763
2200,SRZ2_VW,0.9874/1.0124,1.003,1.001,1.01,1.003,1.012,1.004,,1.003,1.007,,1.016,1.044,1.01,0.08906068524970963,0.035817557104142465,0.032072977158343015,0.0558511420828494,0.06322173828881146,0.04579268292682927
2250,SRH1_N,0.9874/1.0124,1.003,1.001,1.01,1.024,1.006,1.004,1.051,1.007,1.007,1.012,1.016,1.044,1.01,,,,,,
2250,SRH2_N,0.9874/1.0124,1.003,1.001,1.01,1.018,1.006,1.004,1.051,1.008,1.007,1.012,1.016,1.044,1.01,,,,,,
2250,SRZ1_N,0.9874/1.0124,1.003,1.001,1.01,1.016,1.006,1.004,,1.006,1.007,,1.016,1.044,1.01,,,,,,
2250,SRZ2_N,0.9874/1.0124,1.003,1.001,1.01,1.014,1.006,1.004,,1.006,1.007,,1.016,1.044,1.01,,,,,,
2250,SRZ1_W,0.9874/1.0124,1.003,1.001,1.01,1.004,1.006,1.004,,1.001,1.007,,1.016,1.044,1.01,,,,,,
2250,SRZ2_W,0.9874/1.0124,1.003,1.001,1.01,1.003,1.006,1.004,,1.002,1.007,,1.016,1.044,1.01,,,,,,
2250,SRZ1_VW,0.9874/1.0124,1.003,1.001,1.01,1.005,1.006,1.004,,1.001,1.007,,1.016,1.044,1.01,,,,,,
2250,SRZ2_VW,0.9874/1.0124,1.003,1.001,1.01,1.002,1.006,1.004,,1.001,1.007,,1.016,1.044,1.01,,,,,,
2300,SRH1_N,0.9874/1.0124,1.003,1.001,1.01,1.024,1.006,1.004,1.051,1.007,1.007,1.012,1.016,1.044,1.01,,,,,,
2300,SRH2_N,0.9874/1.0124,1.003,1.001,1.01,1.018,1.006,1.004,1.051,1.008,1.007,1.012,1.016,1.044,1.01,,,,,,
2300,SRZ1_N,0.9874/1.0124,1.003,1.001,1.01,1.016,1.006,1.004,,1.006,1.007,,1.016,1.044,1.01,,,,,,
2300,SRZ2_N,0.9874/1.0124,1.003,1.001,1.01,1.014,1.006,1.004,,1.006,1.007,,1.016,1.044,1.01,,,,,,
2300,SRZ1_W,0.9874/1.0124,1.003,1.001,1.01,1.004,1.006,1.004,,1.001,1.007,,1.016,1.044,1.01,,,,,,
2300,SRZ2_W,0.9874/1.0124,1.003,1.001,1.01,1.003,1.006,1.004,,1.002,1.007,,1.016,1.044,1.01,,,,,,
2300,SRZ1_VW,0.9874/1.0124,1.003,1.001,1.01,1.005,1.006,1.004,,1.001,1.007,,1.016,1.044,1.01,,,,,,
2300,SRZ2_VW,0.9874/1.0124,1.003,1.001,1.01,1.002,1.006,1.004,,1.001,1.007,,1.016,1.044,1.01,,,,,,
2350,SRH1_N,0.9874/1.0124,1.003,1.001,1.01,1.024,1.006,1.004,1.051,1.007,1.007,1.012,1.016,1.044,1.01,,,,,,
2350,SRH2_N,0.9874/1.0124,1.003,1.001,1.01,1.018,1.006,1.004,1.051,1.008,1.007,1.012,1.016,1.044,1.01,,,,,,
2350,SRZ1_N,0.9874/1.0124,1.003,1.001,1.01,1.016,1.006,1.004,,1.006,1.007,,1.016,1.044,1.01,,,,,,
2350,SRZ2_N,0.9874/1.0124,1.003,1.001,1.01,1.014,1.006,1.004,,1.006,1.007,,1.016,1.044,1.01,,,,,,
2350,SRZ1_W,0.9874/1.0124,1.003,1.001,1.01,1.004,1.006,1.004,,1.001,1.007,,1.016,1.044,1.01,,,,,,
2350,SRZ2_W,0.9874/1.0124,1.003,1.001,1.01,1.003,1.006,1.004,,1.002,1.007,,1.016,1.044,1.01,,,,,,
2350,SRZ1_VW,0.9874/1.0124,1.003,1.001,1.01,1.005,1.006,1.004,,1.001,1.007,,1.016,1.044,1.01,,,,,,
2350,SRZ2_VW,0.9874/1.0124,1.003,1.001,1.01,1.002,1.006,1.004,,1.001,1.007,,1.016,1.044,1.01,,,,,,
2400,SRH1_N,0.9874/1.0124,1.003,1.001,1.01,1.016,1.01,1.004,1.051,1.007,1.007,1.012,1.016,1.044,1.01,0.0477738760477521,0.025878079756159512,0.021943738887477776,0.054902209804419615,0.023201612903225807,0.027960502921005843
2400,SRH2_N,0.9874/1.0124,1.003,1.001,1.01,1.015,1.01,1.004,1.051,1.007,1.007,1.012,1.016,1.044,1.01,0.09081531519645354,0.035982452436868345,0.03200701902525266,0.05598575085099085,0.06392371427817506,0.04597978731825738
2400,SRZ1_N,0.9874/1.0124,1.003,1.001,1.01,1.013,1.01,1.004,,1.006,1.007,,1.016,1.044,1.01,0.04737044560660414,0.025666594631974758,0.021837230410165533,0.05471984267623288,0.023573626658598783,0.027955136793879936
2400,SRZ2_N,0.9874/1.0124,1.003,1.001,1.01,1.013,1.01,1.004,,1.006,1.007,,1.016,1.044,1.01,0.09056508924185362,0.03596097374597457,0.03201561050161018,0.0559674144424431,0.06384913487255062,0.04595862671251569
2400,SRZ1_W,0.9874/1.0124,1.003,1.001,1.01,1.003,1.011,1.004,,1.004,1.007,,1.016,1.044,1.01,0.04709894763860369,0.025526694045174533,0.021763090349075972,0.05459394250513347,0.02382892710472279,0.02797766940451745
2400,SRZ2_W,0.9874/1.0124,1.003,1.001,1.01,1.003,1.01,1.004,,1.004,1.007,,1.016,1.044,1.01,0.09040076433121018,0.03594394904458599,0.032022420382165614,0.055954140127388544,0.06376356687898091,0.0459368152866242
2400,SRZ1_VW,0.9874/1.0124,1.003,1.001,1.01,1.003,1.012,1.004,,1.003,1.007,,1.016,1.044,1.01,0.046537648834479285,0.025219855777293305,0.021627704175750457,0.05435669964782828,0.024320811671977194,0.02783431158812678
2400,SRZ2_VW,0.9874/1.0124,1.003,1.001,1.01,1.003,1.01,1.004,,1.003,1.007,,1.016,1.044,1.01,0.09000306603773585,0.035910377358490564,0.032035849056603775,0.055925235849056606,0.06365212264150943,0.04590471698113208
2450,SRH1_N,0.9874/1.0124,1.003,1.001,1.01,1.024,1.006,1.004,1.051,1.007,1.007,1.012,1.016,1.044,1.01,,,,,,
2450,SRH2_N,0.9874/1.0124,1.003,1.001,1.01,1.018,1.006,1.004,1.051,1.008,1.007,1.012,1.016,1.044,1.01,,,,,,
2450,SRZ1_N,0.9874/1.0124,1.003,1.001,1.01,1.016,1.006,1.004,,1.006,1.007,,1.016,1.044,1.01,,,,,,
2450,SRZ2_N,0.9874/1.0124,1.003,1.001,1.01,1.014,1.006,1.004,,1.006,1.007,,1.016,1.044,1.01,,,,,,
2450,SRZ1_W,0.9874/1.0124,1.003,1.001,1.01,1.004,1.006,1.004,,1.001,1.007,,1.016,1.044,1.01,,,,,,
2450,SRZ2_W,0.9874/1.0124,1.003,1.001,1.01,1.003,1.006,1.004,,1.002,1.007,,1.016,1.044,1.01,,,,,,
2450,SRZ1_VW,0.9874/1.0124,1.003,1.001,1.01,1.005,1.006,1.004,,1.001,1.007,,1.016,1.044,1.01,,,,,,
2450,SRZ2_VW,0.9874/1.0124,1.003,1.001,1.01,1.002,1.006,1.004,,1.001,1.007,,1.016,1.044,1.01,,,,,,
2500,SRH1_N,0.9874/1.0124,1.003,1.001,1.01,1.024,1.006,1.004,1.051,1.007,1.007,1.012,1.016,1.044,1.01,,,,,,
2500,SRH2_N,0.9874/1.0124,1.003,1.001,1.01,1.018,1.006,1.004,1.051,1.008,1.007,1.012,1.016,1.044,1.01,,,,,,
2500,SRZ1_N,0.9874/1.0124,1.003,1.001,1.01,1.016,1.006,1.004,,1.006,1.007,,1.016,1.044,1.01,,,,,,
2500,SRZ2_N,0.9874/1.0124,1.003,1.001,1.01,1.014,1.006,1.004,,1.006,1.007,,1.016,1.044,1.01,,,,,,
2500,SRZ1_W,0.9874/1.0124,1.003,1.001,1.01,1.004,1.006,1.004,,1.001,1.007,,1.016,1.044,1.01,,,,,,
2500,SRZ2_W,0.9874/1.0124,1.003,1.001,1.01,1.003,1.006,1.004,,1.002,1.007,,1.016,1.044,1.01,,,,,,
2500,SRZ1_VW,0.9874/1.0124,1.003,1.001,1.01,1.005,1.006,1.004,,1.001,1.007,,1.016,1.044,1.01,,,,,,
2500,SRZ2_VW,0.9874/1.0124,1.003,1.001,1.01,1.002,1.006,1.004,,1.001,1.007,,1.016,1.044,1.01,,,,,,
2550,SRH1_N,0.9874/1.0124,1.003,1.001,1.01,1.024,1.006,1.004,1.051,1.007,1.007,1.012,1.016,1.044,1.01,,,,,,
2550,SRH2_N,0.9874/1.0124,1.003,1.001,1.01,1.018,1.006,1.004,1.051,1.008,1.007,1.012,1.016,1.044,1.01,,,,,,
2550,SRZ1_N,0.9874/1.0124,1.003,1.001,1.01,1.016,1.006,1.004,,1.006,1.007,,1.016,1.044,1.01,,,,,,
2550,SRZ2_N,0.9874/1.0124,1.003,1.001,1.01,1.014,1.006,1.004,,1.006,1.007,,1.016,1.044,1.01,,,,,,
2550,SRZ1_W,0.9874/1.0124,1.003,1.001,1.01,1.004,1.006,1.004,,1.001,1.007,,1.016,1.044,1.01,,,,,,
2550,SRZ2_W,0.9874/1.0124,1.003,1.001,1.01,1.003,1.006,1.004,,1.002,1.007,,1.016,1.044,1.01,,,,,,
2550,SRZ1_VW,0.9874/1.0124,1.003,1.001,1.01,1.005,1.006,1.004,,1.001,1.007,,1.016,1.044,1.01,,,,,,
2550,SRZ2_VW,0.9874/1.0124,1.003,1.001,1.01,1.002,1.006,1.004,,1.001,1.007,,1.016,1.044,1.01,,,,,,
2600,SRH1_N,0.9874/1.0124,1.003,1.001,1.01,1.017,1.009,1.004,1.051,1.007,1.007,1.012,1.016,1.044,1.01,0.047878894455688645,0.02593443710806596,0.021970138358936922,0.05494797438534788,0.023107435548624704,0.027975977968744813
2600,SRH2_N,0.9874/1.0124,1.003,1.001,1.01,1.014,1.009,1.004,1.051,1.007,1.007,1.012,1.016,1.044,1.01,0.09091661016949153,0.03599209039548022,0.03200316384180791,0.05599357187696171,0.06396572504708098,0.04599091023226616
2600,SRZ1_N,0.9874/1.0124,1.003,1.001,1.01,1.016,1.009,1.004,,1.006,1.007,,1.016,1.044,1.01,0.04757957723875464,0.025776147462056948,0.02189252143610436,0.05481448026044294,0.023380622678710626,0.027957081938649184
2600,SRZ2_N,0.9874/1.0124,1.003,1.001,1.01,1.012,1.009,1.004,,1.006,1.007,,1.016,1.044,1.01,0.09077555950832293,0.03597982318740542,0.03200807072503783,0.0559831682905461,0.06392168210900788,0.045978548862399445
2600,SRZ1_W,0.9874/1.0124,1.003,1.001,1.01,1.003,1.01,1.004,,1.004,1.007,,1.016,1.044,1.01,0.047497290890619714,0.025733999322722655,0.02186979343040975,0.05477599051811717,0.02345851676261429,0.027966644090755166
2600,SRZ2_W,0.9874/1.0124,1.003,1.001,1.01,1.003,1.009,1.004,,1.004,1.007,,1.016,1.044,1.01,0.09060213219616205,0.035962686567164184,0.03201492537313433,0.05596950959488273,0.06384179104477612,0.045957782515991474
2600,SRZ1_VW,0.9874/1.0124,1.003,1.001,1.01,1.002,1.01,1.004,,1.003,1.007,,1.016,1.044,1.01,0.04715884955752212,0.02554778761061947,0.02178938053097345,0.054634513274336285,0.02375265486725664,0.02786725663716814
2600,SRZ2_VW,0.9874/1.0124,1.003,1.001,1.01,1.002,1.01,1.004,,1.003,1.007,,1.016,1.044,1.01,0.09039153208206023,0.03594034628255492,0.03202386148697803,0.05595227702604394,0.06372559289975266,0.0459284155390659
2650,SRH1_N,0.9874/1.0124,1.003,1.001,1.01,1.024,1.006,1.004,1.051,1.007,1.007,1.012,1.016,1.044,1.01,,,,,,
2650,SRH2_N,0.9874/1.0124,1.003,1.001,1.01,1.018,1.006,1.004,1.051,1.008,1.007,1.012,1.016,1.044,1.01,,,,,,
2650,SRZ1_N,0.9874/1.0124,1.003,1.001,1.01,1.016,1.006,1.004,,1.006,1.007,,1.016,1.044,1.01,,,,,,
2650,SRZ2_N,0.9874/1.0124,1.003,1.001,1.01,1.014,1.006,1.004,,1.006,1.007,,1.016,1.044,1.01,,,,,,
2650,SRZ1_W,0.9874/1.0124,1.003,1.001,1.01,1.004,1.006,1.004,,1.001,1.007,,1.016,1.044,1.01,,,,,,
2650,SRZ2_W,0.9874/1.0124,1.003,1.001,1.01,1.003,1.006,1.004,,1.002,1.007,,1.016,1.044,1.01,,,,,,
2650,SRZ1_VW,0.9874/1.0124,1.003,1.001,1.01,1.005,1.006,1.004,,1.001,1.007,,1.016,1.044,1.01,,,,,,
2650,SRZ2_VW,0.9874/1.0124,1.003,1.001,1.01,1.002,1.006,1.004,,1.001,1.007,,1.016,1.044,1.01,,,,,,
2700,SRH1_N,0.9874/1.0124,1.003,1.001,1.01,1.024,1.006,1.004,1.051,1.007,1.007,1.012,1.016,1.044,1.01,,,,,,
2700,SRH2_N,0.9874/1.0124,1.003,1.001,1.01,1.018,1.006,1.004,1.051,1.008,1.007,1.012,1.016,1.044,1.01,,,,,,
2700,SRZ1_N,0.9874/1.0124,1.003,1.001,1.01,1.016,1.006,1.004,,1.006,1.007,,1.016,1.044,1.01,,,,,,
2700,SRZ2_N,0.9874/1.0124,1.003,1.001,1.01,1.014,1.006,1.004,,1.006,1.007,,1.016,1.044,1.01,,,,,,
2700,SRZ1_W,0.9874/1.0124,1.003,1.001,1.01,1.004,1.006,1.004,,1.001,1.007,,1.016,1.044,1.01,,,,,,
2700,SRZ2_W,0.9874/1.0124,1.003,1.001,1.01,1.003,1.006,1.004,,1.002,1.007,,1.016,1.044,1.01,,,,,,
2700,SRZ1_VW,0.9874/1.0124,1.003,1.001,1.01,1.005,1.006,1.004,,1.001,1.007,,1.016,1.044,1.01,,,,,,
2700,SRZ2_VW,0.9874/1.0124,1.003,1.001,1.01,1.002,1.006,1.004,,1.001,1.007,,1.016,1.044,1.01,,,,,,
2750,SRH1_N,0.9874/1.0124,1.003,1.001,1.01,1.024,1.006,1.004,1.051,1.007,1.007,1.012,1.016,1.044,1.01,,,,,,
2750,SRH2_N,0.9874/1.0124,1.003,1.001,1.01,1.018,1.006,1.004,1.051,1.008,1.007,1.012,1.016,1.044,1.01,,,,,,
2750,SRZ1_N,0.9874/1.0124,1.003,1.001,1.01,1.016,1.006,1.004,,1.006,1.007,,1.016,1.044,1.01,,,,,,
2750,SRZ2_N,0.9874/1.0124,1.003,1.001,1.01,1.014,1.006,1.004,,1.006,1.007,,1.016,1.044,1.01,,,,,,
2750,SRZ1_W,0.9874/1.0124,1.003,1.001,1.01,1.004,1.006,1.004,,1.001,1.007,,1.016,1.044,1.01,,,,,,
2750,SRZ2_W,0.9874/1.0124,1.003,1.001,1.01,1.003,1.006,1.004,,1.002,1.007,,1.016,1.044,1.01,,,,,,
2750,SRZ1_VW,0.9874/1.0124,1.003,1.001,1.01,1.005,1.006,1.004,,1.001,1.007,,1.016,1.044,1.01,,,,,,
2750,SRZ2_VW,0.9874/1.0124,1.003,1.001,1.01,1.002,1.006,1.004,,1.001,1.007,,1.016,1.044,1.01,,,,,,
2800,SRH1_N,0.9874/1.0124,1.003,1.001,1.01,1.024,1.006,1.004,1.051,1.007,1.007,1.012,1.016,1.044,1.01,,,,,,
2800,SRH2_N,0.9874/1.0124,1.003,1.001,1.01,1.018,1.006,1.004,1.051,1.008,1.007,1.012,1.016,1.044,1.01,,,,,,
2800,SRZ1_N,0.9874/1.0124,1.003,1.001,1.01,1.016,1.006,1.004,,1.006,1.007,,1.016,1.044,1.01,,,,,,
2800,SRZ2_N,0.9874/1.0124,1.003,1.001,1.01,1.014,1.006,1.004,,1.006,1.007,,1.016,1.044,1.01,,,,,,
2800,SRZ1_W,0.9874/1.0124,1.003,1.001,1.01,1.004,1.006,1.004,,1.001,1.007,,1.016,1.044,1.01,,,,,,
2800,SRZ2_W,0.9874/1.0124,1.003,1.001,1.01,1.003,1.006,1.004,,1.002,1.007,,1.016,1.044,1.01,,,,,,
2800,SRZ1_VW,0.9874/1.0124,1.003,1.001,1.01,1.005,1.006,1.004,,1.001,1.007,,1.016,1.044,1.01,,,,,,
2800,SRZ2_VW,0.9874/1.0124,1.003,1.001,1.01,1.002,1.006,1.004,,1.001,1.007,,1.016,1.044,1.01,,,,,,
2850,SRH1_N,0.9874/1.0124,1.003,1.001,1.01,1.024,1.006,1.004,1.051,1.007,1.007,1.012,1.016,1.044,1.01,,,,,,
2850,SRH2_N,0.9874/1.0124,1.003,1.001,1.01,1.018,1.006,1.004,1.051,1.008,1.007,1.012,1.016,1.044,1.01,,,,,,
2850,SRZ1_N,0.9874/1.0124,1.003,1.001,1.01,1.016,1.006,1.004,,1.006,1.007,,1.016,1.044,1.01,,,,,,
2850,SRZ2_N,0.9874/1.0124,1.003,1.001,1.01,1.014,1.006,1.004,,1.006,1.007,,1.016,1.044,1.01,,,,,,
2850,SRZ1_W,0.9874/1.0124,1.003,1.001,1.01,1.004,1.006,1.004,,1.001,1.007,,1.016,1.044,1.01,,,,,,
2850,SRZ2_W,0.9874/1.0124,1.003,1.001,1.01,1.003,1.006,1.004,,1.002,1.007,,1.016,1.044,1.01,,,,,,
2850,SRZ1_VW,0.9874/1.0124,1.003,1.001,1.01,1.005,1.006,1.004,,1.001,1.007,,1.016,1.044,1.01,,,,,,
2850,SRZ2_VW,0.9874/1.0124,1.003,1.001,1.01,1.002,1.006,1.004,,1.001,1.007,,1.016,1.044,1.01,,,,,,
2900,SRH1_N,0.9874/1.0124,1.003,1.001,1.01,1.024,1.006,1.004,1.051,1.007,1.007,1.012,1.016,1.044,1.01,,,,,,
2900,SRH2_N,0.9874/1.0124,1.003,1.001,1.01,1.018,1.006,1.004,1.051,1.008,1.007,1.012,1.016,1.044,1.01,,,,,,
2900,SRZ1_N,0.9874/1.0124,1.003,1.001,1.01,1.016,1.006,1.004,,1.006,1.007,,1.016,1.044,1.01,,,,,,
2900,SRZ2_N,0.9874/1.0124,1.003,1.001,1.01,1.014,1.006,1.004,,1.006,1.007,,1.016,1.044,1.01,,,,,,
2900,SRZ1_W,0.9874/1.0124,1.003,1.001,1.01,1.004,1.006,1.004,,1.001,1.007,,1.016,1.044,1.01,,,,,,
2900,SRZ2_W,0.9874/1.0124,1.003,1.001,1.01,1.003,1.006,1.004,,1.002,1.007,,1.016,1.044,1.01,,,,,,
2900,SRZ1_VW,0.9874/1.0124,1.003,1.001,1.01,1.005,1.006,1.004,,1.001,1.007,,1.016,1.044,1.01,,,,,,
2900,SRZ2_VW,0.9874/1.0124,1.003,1.001,1.01,1.002,1.006,1.004,,1.001,1.007,,1.016,1.044,1.01,,,,,,
2950,SRH1_N,0.9874/1.0124,1.003,1.001,1.01,1.024,1.006,1.004,1.051,1.007,1.007,1.012,1.016,1.044,1.01,,,,,,
2950,SRH2_N,0.9874/1.0124,1.003,1.001,1.01,1.018,1.006,1.004,1.051,1.008,1.007,1.012,1.016,1.044,1.01,,,,,,
2950,SRZ1_N,0.9874/1.0124,1.003,1.001,1.01,1.016,1.006,1.004,,1.006,1.007,,1.016,1.044,1.01,,,,,,
2950,SRZ2_N,0.9874/1.0124,1.003,1.001,1.01,1.014,1.006,1.004,,1.006,1.007,,1.016,1.044,1.01,,,,,,
2950,SRZ1_W,0.9874/1.0124,1.003,1.001,1.01,1.004,1.006,1.004,,1.001,1.007,,1.016,1.044,1.01,,,,,,
2950,SRZ2_W,0.9874/1.0124,1.003,1.001,1.01,1.003,1.006,1.004,,1.002,1.007,,1.016,1.044,1.01,,,,,,
2950,SRZ1_VW,0.9874/1.0124,1.003,1.001,1.01,1.005,1.006,1.004,,1.001,1.007,,1.016,1.044,1.01,,,,,,
2950,SRZ2_VW,0.9874/1.0124,1.003,1.001,1.01,1.002,1.006,1.004,,1.001,1.007,,1.016,1.044,1.01,,,,,,
3000,SRH1_N,0.9874/1.0124,1.003,1.001,1.01,1.015,1.008,1.004,1.051,1.007,1.007,1.012,1.016,1.044,1.01,0.04796252176941832,0.02598007662835249,0.021990386624869383,0.054983420411006616,0.023033995123650296,0.027996516893068615
3000,SRH2_N,0.9874/1.0124,1.003,1.001,1.01,1.016,1.008,1.004,1.051,1.007,1.007,1.012,1.016,1.044,1.01,0.09097480355714488,0.0359975297605044,0.03200098809579824,0.05599802380840352,0.06398863689832024,0.04599703571260528
3000,SRZ1_N,0.9874/1.0124,1.003,1.001,1.01,1.013,1.007,1.004,,1.006,1.007,,1.016,1.044,1.01,0.04778852417940366,0.025888198446504633,0.021945126534703083,0.05490563768479079,0.023193084439989978,0.027987020796792786
3000,SRZ2_N,0.9874/1.0124,1.003,1.001,1.01,1.013,1.007,1.004,,1.006,1.007,,1.016,1.044,1.01,0.09091490963855421,0.035992720883534134,0.03200291164658635,0.055993775100401606,0.0639749497991968,0.045992871485943776
3000,SRZ1_W,0.9874/1.0124,1.003,1.001,1.01,1.002,1.008,1.004,,1.004,1.007,,1.016,1.044,1.01,0.04767654557042702,0.025829509241555127,0.02191555130656469,0.05485500318674315,0.023296367112810704,0.02798565965583174
3000,SRZ2_W,0.9874/1.0124,1.003,1.001,1.01,1.003,1.008,1.004,,1.005,1.007,,1.016,1.044,1.01,0.09089593606529502,0.0359897976534603,0.032004080938615884,0.05599183812276824,0.06395306920591737,0.04598775718415236
3000,SRZ1_VW,0.9874/1.0124,1.003,1.001,1.01,1.002,1.009,1.004,,1.003,1.007,,1.016,1.044,1.01,0.04758074965293845,0.025776492364645995,0.021893105043961126,0.05481536325775104,0.023378991207774178,0.027954187875983343
3000,SRZ2_VW,0.9874/1.0124,1.003,1.001,1.01,1.002,1.008,1.004,,1.003,1.007,,1.016,1.044,1.01,0.0907081300813008,0.03597425474254742,0.03201029810298103,0.05597831978319783,0.06390433604336043,0.04597344173441734
3050,SRH1_N,0.9874/1.0124,1.003,1.001,1.01,1.024,1.006,1.004,1.051,1.007,1.007,1.012,1.016,1.044,1.01,,,,,,
3050,SRH2_N,0.9874/1.0124,1.003,1.001,1.01,1.018,1.006,1.004,1.051,1.008,1.007,1.012,1.016,1.044,1.01,,,,,,
3050,SRZ1_N,0.9874/1.0124,1.003,1.001,1.01,1.016,1.006,1.004,,1.006,1.007,,1.016,1.044,1.01,,,,,,
3050,SRZ2_N,0.9874/1.0124,1.003,1.001,1.01,1.014,1.006,1.004,,1.006,1.007,,1.016,1.044,1.01,,,,,,
3050,SRZ1_W,0.9874/1.0124,1.003,1.001,1.01,1.004,1.006,1.004,,1.001,1.007,,1.016,1.044,1.01,,,,,,
3050,SRZ2_W,0.9874/1.0124,1.003,1.001,1.01,1.003,1.006,1.004,,1.002,1.007,,1.016,1.044,1.01,,,,,,
3050,SRZ1_VW,0.9874/1.0124,1.003,1.001,1.01,1.005,1.006,1.004,,1.001,1.007,,1.016,1.044,1.01,,,,,,
3050,SRZ2_VW,0.9874/1.0124,1.003,1.001,1.01,1.002,1.006,1.004,,1.001,1.007,,1.016,1.044,1.01,,,,,,
3100,SRH1_N,0.9874/1.0124,1.003,1.001,1.01,1.024,1.006,1.004,1.051,1.007,1.007,1.012,1.016,1.044,1.01,,,,,,
3100,SRH2_N,0.9874/1.0124,1.003,1.001,1.01,1.018,1.006,1.004,1.051,1.008,1.007,1.012,1.016,1.044,1.01,,,,,,
3100,SRZ1_N,0.9874/1.0124,1.003,1.001,1.01,1.016,1.006,1.004,,1.006,1.007,,1.016,1.044,1.01,,,,,,
3100,SRZ2_N,0.9874/1.0124,1.003,1.001,1.01,1.014,1.006,1.004,,1.006,1.007,,1.016,1.044,1.01,,,,,,
3100,SRZ1_W,0.9874/1.0124,1.003,1.001,1.01,1.004,1.006,1.004,,1.001,1.007,,1.016,1.044,1.01,,,,,,
3100,SRZ2_W,0.9874/1.0124,1.003,1.001,1.01,1.003,1.006,1.004,,1.002,1.007,,1.016,1.044,1.01,,,,,,
3100,SRZ1_VW,0.9874/1.0124,1.003,1.001,1.01,1.005,1.006,1.004,,1.001,1.007,,1.016,1.044,1.01,,,,,,
3100,SRZ2_VW,0.9874/1.0124,1.003,1.001,1.01,1.002,1.006,1.004,,1.001,1.007,,1.016,1.044,1.01,,,,,,
3150,SRH1_N,0.9874/1.0124,1.003,1.001,1.01,1.024,1.006,1.004,1.051,1.007,1.007,1.012,1.016,1.044,1.01,,,,,,
3150,SRH2_N,0.9874/1.0124,1.003,1.001,1.01,1.018,1.006,1.004,1.051,1.008,1.007,1.012,1.016,1.044,1.01,,,,,,
3150,SRZ1_N,0.9874/1.0124,1.003,1.001,1.01,1.016,1.006,1.004,,1.006,1.007,,1.016,1.044,1.01,,,,,,
3150,SRZ2_N,0.9874/1.0124,1.003,1.001,1.01,1.014,1.006,1.004,,1.006,1.007,,1.016,1.044,1.01,,,,,,
3150,SRZ1_W,0.9874/1.0124,1.003,1.001,1.01,1.004,1.006,1.004,,1.001,1.007,,1.016,1.044,1.01,,,,,,
3150,SRZ2_W,0.9874/1.0124,1.003,1.001,1.01,1.003,1.006,1.004,,1.002,1.007,,1.016,1.044,1.01,,,,,,
3150,SRZ1_VW,0.9874/1.0124,1.003,1.001,1.01,1.005,1.006,1.004,,1.001,1.007,,1.016,1.044,1.01,,,,,,
3150,SRZ2_VW,0.9874/1.0124,1.003,1.001,1.01,1.002,1.006,1.004,,1.001,1.007,,1.016,1.044,1.01,,,,,,
3200,SRH1_N,0.9874/1.0124,1.003,1.001,1.01,1.024,1.006,1.004,1.051,1.007,1.007,1.012,1.016,1.044,1.01,,,,,,
3200,SRH2_N,0.9874/1.0124,1.003,1.001,1.01,1.018,1.006,1.004,1.051,1.008,1.007,1.012,1.016,1.044,1.01,,,,,,
3200,SRZ1_N,0.9874/1.0124,1.003,1.001,1.01,1.016,1.006,1.004,,1.006,1.007,,1.016,1.044,1.01,,,,,,
3200,SRZ2_N,0.9874/1.0124,1.003,1.001,1.01,1.014,1.006,1.004,,1.006,1.007,,1.016,1.044,1.01,,,,,,
3200,SRZ1_W,0.9874/1.0124,1.003,1.001,1.01,1.004,1.006,1.004,,1.001,1.007,,1.016,1.044,1.01,,,,,,
3200,SRZ2_W,0.9874/1.0124,1.003,1.001,1.01,1.003,1.006,1.004,,1.002,1.007,,1.016,1.044,1.01,,,,,,
3200,SRZ1_VW,0.9874/1.0124,1.003,1.001,1.01,1.005,1.006,1.004,,1.001,1.007,,1.016,1.044,1.01,,,,,,
3200,SRZ2_VW,0.9874/1.0124,1.003,1.001,1.01,1.002,1.006,1.004,,1.001,1.007,,1.016,1.044,1.01,,,,,,
3250,SRH1_N,0.9874/1.0124,1.003,1.001,1.01,1.024,1.006,1.004,1.051,1.007,1.007,1.012,1.016,1.044,1.01,,,,,,
3250,SRH2_N,0.9874/1.0124,1.003,1.001,1.01,1.018,1.006,1.004,1.051,1.008,1.007,1.012,1.016,1.044,1.01,,,,,,
3250,SRZ1_N,0.9874/1.0124,1.003,1.001,1.01,1.016,1.006,1.004,,1.006,1.007,,1.016,1.044,1.01,,,,,,
3250,SRZ2_N,0.9874/1.0124,1.003,1.001,1.01,1.014,1.006,1.004,,1.006,1.007,,1.016,1.044,1.01,,,,,,
3250,SRZ1_W,0.9874/1.0124,1.003,1.001,1.01,1.004,1.006,1.004,,1.001,1.007,,1.016,1.044,1.01,,,,,,
3250,SRZ2_W,0.9874/1.0124,1.003,1.001,1.01,1.003,1.006,1.004,,1.002,1.007,,1.016,1.044,1.01,,,,,,
3250,SRZ1_VW,0.9874/1.0124,1.003,1.001,1.01,1.005,1.006,1.004,,1.001,1.007,,1.016,1.044,1.01,,,,,,
3250,SRZ2_VW,0.9874/1.0124,1.003,1.001,1.01,1.002,1.006,1.004,,1.001,1.007,,1.016,1.044,1.01,,,,,,
3300,SRH1_N,0.9874/1.0124,1.003,1.001,1.01,1.024,1.006,1.004,1.051,1.007,1.007,1.012,1.016,1.044,1.01,,,,,,
3300,SRH2_N,0.9874/1.0124,1.003,1.001,1.01,1.018,1.006,1.004,1.051,1.008,1.007,1.012,1.016,1.044,1.01,,,,,,
3300,SRZ1_N,0.9874/1.0124,1.003,1.001,1.01,1.016,1.006,1.004,,1.006,1.007,,1.016,1.044,1.01,,,,,,
3300,SRZ2_N,0.9874/1.0124,1.003,1.001,1.01,1.014,1.006,1.004,,1.006,1.007,,1.016,1.044,1.01,,,,,,
3300,SRZ1_W,0.9874/1.0124,1.003,1.001,1.01,1.004,1.006,1.004,,1.001,1.007,,1.016,1.044,1.01,,,,,,
3300,SRZ2_W,0.9874/1.0124,1.003,1.001,1.01,1.003,1.006,1.004,,1.002,1.007,,1.016,1.044,1.01,,,,,,
3300,SRZ1_VW,0.9874/1.0124,1.003,1.001,1.01,1.005,1.006,1.004,,1.001,1.007,,1.016,1.044,1.01,,,,,,
3300,SRZ2_VW,0.9874/1.0124,1.003,1.001,1.01,1.002,1.006,1.004,,1.001,1.007,,1.016,1.044,1.01,,,,,,
3350,SRH1_N,0.9874/1.0124,1.003,1.001,1.01,1.024,1.006,1.004,1.051,1.007,1.007,1.012,1.016,1.044,1.01,,,,,,
3350,SRH2_N,0.9874/1.0124,1.003,1.001,1.01,1.018,1.006,1.004,1.051,1.008,1.007,1.012,1.016,1.044,1.01,,,,,,
3350,SRZ1_N,0.9874/1.0124,1.003,1.001,1.01,1.016,1.006,1.004,,1.006,1.007,,1.016,1.044,1.01,,,,,,
3350,SRZ2_N,0.9874/1.0124,1.003,1.001,1.01,1.014,1.006,1.004,,1.006,1.007,,1.016,1.044,1.01,,,,,,
3350,SRZ1_W,0.9874/1.0124,1.003,1.001,1.01,1.004,1.006,1.004,,1.001,1.007,,1.016,1.044,1.01,,,,,,
3350,SRZ2_W,0.9874/1.0124,1.003,1.001,1.01,1.003,1.006,1.004,,1.002,1.007,,1.016,1.044,1.01,,,,,,
3350,SRZ1_VW,0.9874/1.0124,1.003,1.001,1.01,1.005,1.006,1.004,,1.001,1.007,,1.016,1.044,1.01,,,,,,
3350,SRZ2_VW,0.9874/1.0124,1.003,1.001,1.01,1.002,1.006,1.004,,1.001,1.007,,1.016,1.044,1.01,,,,,,
3400,SRH1_N,0.9874/1.0124,1.003,1.001,1.01,1.024,1.006,1.004,1.051,1.007,1.007,1.012,1.016,1.044,1.01,,,,,,
3400,SRH2_N,0.9874/1.0124,1.003,1.001,1.01,1.018,1.006,1.004,1.051,1.008,1.007,1.012,1.016,1.044,1.01,,,,,,
3400,SRZ1_N,0.9874/1.0124,1.003,1.001,1.01,1.016,1.006,1.004,,1.006,1.007,,1.016,1.044,1.01,,,,,,
3400,SRZ2_N,0.9874/1.0124,1.003,1.001,1.01,1.014,1.006,1.004,,1.006,1.007,,1.016,1.044,1.01,,,,,,
3400,SRZ1_W,0.9874/1.0124,1.003,1.001,1.01,1.004,1.006,1.004,,1.001,1.007,,1.016,1.044,1.01,,,,,,
3400,SRZ2_W,0.9874/1.0124,1.003,1.001,1.01,1.003,1.006,1.004,,1.002,1.007,,1.016,1.044,1.01,,,,,,
3400,SRZ1_VW,0.9874/1.0124,1.003,1.001,1.01,1.005,1.006,1.004,,1.001,1.007,,1.016,1.044,1.01,,,,,,
3400,SRZ2_VW,0.9874/1.0124,1.003,1.001,1.01,1.002,1.006,1.004,,1.001,1.007,,1.016,1.044,1.01,,,,,,
3450,SRH1_N,0.9874/1.0124,1.003,1.001,1.01,1.024,1.006,1.004,1.051,1.007,1.007,1.012,1.016,1.044,1.01,,,,,,
3450,SRH2_N,0.9874/1.0124,1.003,1.001,1.01,1.018,1.006,1.004,1.051,1.008,1.007,1.012,1.016,1.044,1.01,,,,,,
3450,SRZ1_N,0.9874/1.0124,1.003,1.001,1.01,1.016,1.006,1.004,,1.006,1.007,,1.016,1.044,1.01,,,,,,
3450,SRZ2_N,0.9874/1.0124,1.003,1.001,1.01,1.014,1.006,1.004,,1.006,1.007,,1.016,1.044,1.01,,,,,,
3450,SRZ1_W,0.9874/1.0124,1.003,1.001,1.01,1.004,1.006,1.004,,1.001,1.007,,1.016,1.044,1.01,,,,,,
3450,SRZ2_W,0.9874/1.0124,1.003,1.001,1.01,1.003,1.006,1.004,,1.002,1.007,,1.016,1.044,1.01,,,,,,
3450,SRZ1_VW,0.9874/1.0124,1.003,1.001,1.01,1.005,1.006,1.004,,1.001,1.007,,1.016,1.044,1.01,,,,,,
3450,SRZ2_VW,0.9874/1.0124,1.003,1.001,1.01,1.002,1.006,1.004,,1.001,1.007,,1.016,1.044,1.01,,,,,,
3500,SRH1_N,0.9874/1.0124,1.003,1.001,1.01,1.017,1.006,1.004,1.051,1.007,1.007,1.012,1.016,1.044,1.01,0.04799112147774726,0.02599529739287461,0.021997705127722807,0.054996049810014665,0.02300808848425567,0.027999360445430947
3500,SRH2_N,0.9874/1.0124,1.003,1.001,1.01,1.014,1.006,1.004,1.051,1.008,1.006,1.012,1.016,1.044,1.01,0.09099549509760621,0.03599955834290257,0.03200017666283897,0.05599964667432205,0.06399796837735182,0.045999470011483086
3500,SRZ1_N,0.9874/1.0124,1.003,1.001,1.01,1.014,1.006,1.004,,1.007,1.007,,1.016,1.044,1.01,0.04789475344338135,0.025944748186310585,0.021972295237093892,0.05495252865103564,0.023096887814109977,0.027997739459573127
3500,SRZ2_N,0.9874/1.0124,1.003,1.001,1.01,1.012,1.006,1.004,,1.006,1.007,,1.016,1.044,1.01,0.09097562316277513,0.035997610113997554,0.03200095595440097,0.05599808809119805,0.06398900652438878,0.04599713213679707
3500,SRZ1_W,0.9874/1.0124,1.003,1.001,1.01,1.002,1.007,1.004,,1.005,1.007,,1.016,1.044,1.01,0.04794481605351171,0.025969899665551837,0.021986622073578595,0.05497658862876254,0.02304849498327759,0.027986622073578594
3500,SRZ2_W,0.9874/1.0124,1.003,1.001,1.01,1.002,1.006,1.004,,1.005,1.007,,1.016,1.044,1.01,0.09098009367681499,0.03599804839968774,0.032000780640124904,0.0559984387197502,0.06399102263856363,0.04599765807962529
3500,SRZ1_VW,0.9874/1.0124,1.003,1.001,1.01,1.001,1.007,1.004,,1.004,1.007,,1.016,1.044,1.01,0.047741794310722105,0.025863238512035012,0.021933260393873083,0.05488512035010941,0.02323522975929978,0.02798140043763676
3500,SRZ2_VW,0.9874/1.0124,1.003,1.001,1.01,1.002,1.007,1.004,,1.003,1.007,,1.016,1.044,1.01,0.0908371474188398,0.035984034060670564,0.03200638637573177,0.055987227248536456,0.06392655667908462,0.045980840872804685
